1,2. Fibonacci Number,
2,3. Fibonacci Number,
3,4. Fibonacci Number,
5,5. Fibonacci Number,
8,6. Fibonacci Number,
13,7. Fibonacci Number,
21,8. Fibonacci Number,
34,9. Fibonacci Number,
55,10. Fibonacci Number,
89,11. Fibonacci Number,
144,12. Fibonacci Number,
233,13. Fibonacci Number,
377,14. Fibonacci Number,
610,15. Fibonacci Number,
987,16. Fibonacci Number,
1597,17. Fibonacci Number,
2584,18. Fibonacci Number,
4181,19. Fibonacci Number,
6765,20. Fibonacci Number,
10946,21. Fibonacci Number,
17711,22. Fibonacci Number,
28657,23. Fibonacci Number,
46368,24. Fibonacci Number,
75025,25. Fibonacci Number,
121393,26. Fibonacci Number,
196418,27. Fibonacci Number,
317811,28. Fibonacci Number,
514229,29. Fibonacci Number,
832040,30. Fibonacci Number,
